Workbook

Sheet Vlookup
A1: Salesperson | B1: ID Number | C1: Date | D1: Sale Amount | E1: Commission | G1: Salesperson | H1: Commission
A2: Kennedi Singh | B2: 124300 | C2: 44754 | D2: 5436.33 | E2: =D2*0.2 -> 1087.266 | G2: Harley Fritz
A3: Harley Fritz | B3: =B2*1.2 -> 149160 | C3: 44751 | D3: 6197.4162 | E3: =D3*0.2 -> 1239.4832 | G3: Franklin Wright
A4: Nyla Novak | B4: =B3*1.02 -> 152143.2 | C4: 44753 | D4: 7065.0545 | E4: =D4*0.2 -> 1413.0109
A5: David Rasmussen | B5: =B4*0.8 -> 121714.56 | C5: 44748 | D5: 8054.1621 | E5: =D5*0.2 -> 1610.8324
A6: Ivan Hines | B6: =B5*0.9 -> 109543.1 | C6: 44752 | D6: 9181.7448 | E6: =D6*0.2 -> 1836.349 | G6: Salesperson | H6: Sale Amount
A7: Jonah Higgins | B7: =B6*1.1 -> 120497.41 | C7: 44755 | D7: 10467.189 | E7: =D7*0.2 -> 2093.4378 | G7: Bruno Cordova
A8: Jordan Boone | B8: =B7*1.02 -> 122907.36 | C8: 44757 | D8: 2446.3485 | E8: =D8*0.2 -> 489.2697 | G8: Arturo Moore
A9: Kylee Townsend | B9: =B8*0.8 -> 98325.89 | C9: 44754 | D9: 2690.9833 | E9: =D9*0.2 -> 538.19667
A10: Nora Rollins | B10: =B9*0.9 -> 88493.301 | C10: 44756 | D10: 2960.0817 | E10: =D10*0.2 -> 592.01634
A11: Steven Michael | B11: =B10*1.1 -> 97342.631 | C11: 44751 | D11: 3256.0899 | E11: =D11*0.2 -> 651.21797
A12: Lucia Mckay | B12: =B11*1.02 -> 99289.484 | C12: 44755 | D12: 3581.6988 | E12: =D12*0.2 -> 716.33977
A13: Josue Roach | B13: =B12*0.8 -> 79431.587 | C13: 44758 | D13: 3939.8687 | E13: =D13*0.2 -> 787.97374
A14: Franklin Wright | B14: =B13*0.9 -> 71488.428 | C14: 44760 | D14: 4333.8556 | E14: =D14*0.2 -> 866.77112
A15: Alia Thornton | B15: =B14*1.1 -> 78637.271 | C15: 44757 | D15: 4767.2412 | E15: =D15*0.2 -> 953.44823
A16: Denzel Flores | B16: =B15*1.02 -> 80210.017 | C16: 44759 | D16: 5243.9653 | E16: =D16*0.2 -> 1048.7931
A17: Bruno Cordova | B17: =B16*0.8 -> 64168.013 | C17: 44754 | D17: 5768.3618 | E17: =D17*0.2 -> 1153.6724
A18: Jaylynn Knapp | B18: =B17*0.9 -> 57751.212 | C18: 44758 | D18: 5191.5256 | E18: =D18*0.2 -> 1038.3051
A19: Bruce Rich | B19: =B18*1.1 -> 63526.333 | C19: 44761 | D19: 6748.9833 | E19: =D19*0.2 -> 1349.7967
A20: Arturo Moore | B20: =B19*1.02 -> 64796.86 | C20: 44763 | D20: 8773.6783 | E20: =D20*0.2 -> 1754.7357
A21: Bryce Carpenter | B21: =B20*0.8 -> 51837.488 | C21: 44760 | D21: 11405.782 | E21: =D21*0.2 -> 2281.1564
A22: Jaidyn Andersen | B22: =B21*0.9 -> 46653.739 | C22: 44762 | D22: 6650 | E22: =D22*0.2 -> 1330
A23: Bill Smith | B23: =B22*1.1 -> 51319.113 | C23: 44757 | D23: 7341 | E23: =D23*0.2 -> 1468.2

Sheet Sheet1
A1: Salesperson
A2: Kennedi Singh | B2: =VLOOKUP(A2,Vlookup!$A$1:$E$23,5,0) -> 1087.266
A3: Harley Fritz | B3: =VLOOKUP(A3,Vlookup!$A$1:$E$23,5,0) -> 1239.4832
A4: Nyla Novak | B4: =VLOOKUP(A4,Vlookup!$A$1:$E$23,5,0) -> 1413.0109
A5: David Rasmussen | B5: =VLOOKUP(A5,Vlookup!$A$1:$E$23,5,0) -> 1610.8324
A6: Ivan Hines | B6: =VLOOKUP(A6,Vlookup!$A$1:$E$23,5,0) -> 1836.349
A7: Jonah Higgins | B7: =VLOOKUP(A7,Vlookup!$A$1:$E$23,5,0) -> 2093.4378
A8: Jordan Boone | B8: =VLOOKUP(A8,Vlookup!$A$1:$E$23,5,0) -> 489.2697
A9: Kylee Townsend | B9: =VLOOKUP(A9,Vlookup!$A$1:$E$23,5,0) -> 538.19667
A10: Nora Rollins | B10: =VLOOKUP(A10,Vlookup!$A$1:$E$23,5,0) -> 592.01634
A11: Steven Michael | B11: =VLOOKUP(A11,Vlookup!$A$1:$E$23,5,0) -> 651.21797
A12: Lucia Mckay | B12: =VLOOKUP(A12,Vlookup!$A$1:$E$23,5,0) -> 716.33977
A13: Josue Roach | B13: =VLOOKUP(A13,Vlookup!$A$1:$E$23,5,0) -> 787.97374
... A23: Kennedi Singh | B23: =VLOOKUP(A23,Vlookup!$A$1:$E$23,5,0) -> 1087.266

Sheet Sheet2
A1: Vegetables | B1: Price
A2: Caulifower | B2: 50
A3: Carrot | B3: 60
A4: Brinjal | B4: 30
A5: Onion | B5: 20
A6: Tomato | B6: 20

Sheet Sheet3
A1: Cauliflower | B1: =MATCH(A1,Sheet2!A1:A6,0) -> #N/A

Sheet Hlookup
B2: Salesperson | C2: Kennedi Singh | D2: Harley Fritz | E2: Nyla Novak | F2: David Rasmussen | G2: Ivan Hines | H2: Jonah Higgins | I2: Jordan Boone | J2: Kylee Townsend | K2: Nora Rollins | L2: Steven Michael | M2: Lucia Mckay | N2: Josue Roach | O2: Franklin Wright | P2: Alia Thornton | Q2: Denzel Flores | R2: Bruno Cordova | S2: Jaylynn Knapp | T2: Bruce Rich | U2: Arturo Moore | V2: Bryce Carpenter | W2: Jaidyn Andersen | X2: Bill Smith
B3: ID Number | C3: 124300 | D3: 149160 | E3: 152143.2 | F3: 121714.56 | G3: 109543.1 | H3: 120497.41 | I3: 122907.36 | J3: 98325.89 | K3: 88493.301 | L3: 97342.631 | M3: 99289.484 | N3: 79431.587 | O3: 71488.428 | P3: 78637.271 | Q3: 80210.017 | R3: 64168.013 | S3: 57751.212 | T3: 63526.333 | U3: 64796.86 | V3: 51837.488 | W3: 46653.739 | X3: 51319.113
B4: Date | C4: 44754 | D4: 44751 | E4: 44753 | F4: 44748 | G4: 44752 | H4: 44755 | I4: 44757 | J4: 44754 | K4: 44756 | L4: 44751 | M4: 44755 | N4: 44758 | O4: 44760 | P4: 44757 | Q4: 44759 | R4: 44754 | S4: 44758 | T4: 44761 | U4: 44763 | V4: 44760 | W4: 44762 | X4: 44757
B5: Sale Amount | C5: 5436.33 | D5: 6197.4162 | E5: 7065.0545 | F5: 8054.1621 | G5: 9181.7448 | H5: 10467.189 | I5: 2446.3485 | J5: 2690.9833 | K5: 2960.0817 | L5: 3256.0899 | M5: 3581.6988 | N5: 3939.8687 | O5: 4333.8556 | P5: 4767.2412 | Q5: 5243.9653 | R5: 5768.3618 | S5: 5191.5256 | T5: 6748.9833 | U5: 8773.6783 | V5: 11405.782 | W5: 6650 | X5: 7341
B6: Commission | C6: 1087.266 | D6: 1239.4832 | E6: 1413.0109 | F6: 1610.8324 | G6: 1836.349 | H6: 2093.4378 | I6: 489.2697 | J6: 538.19667 | K6: 592.01634 | L6: 651.21797 | M6: 716.33977 | N6: 787.97374 | O6: 866.77112 | P6: 953.44823 | Q6: 1048.7931 | R6: 1153.6724 | S6: 1038.3051 | T6: 1349.7967 | U6: 1754.7357 | V6: 2281.1564 | W6: 1330 | X6: 1468.2
B8: Salesperson | C8: Commission
B9: Harley Fritz | C9: =HLOOKUP(B9,$C$2:$X$6,5,0) -> 1239.4832
B10: Ivan Hines | C10: =HLOOKUP(B10,$C$2:$X$6,5,0) -> 1836.349
B11: Jonah Higgins | C11: =HLOOKUP(B11,$C$2:$X$6,5,0) -> 2093.4378
C13: date
B14: Lucia Mckay
B15: David Rasmussen

Sheet Sheet4
A1: HLOOKUP
A2: Names | B2: Commission | C2: Sales | D2: ID Number
A3: kennedi Singh | B3: =HLOOKUP(A3,Hlookup!$C$2:$X$6,5,0) -> 1087.266 | C3: =HLOOKUP(Table1[[#This Row],[Names ]],Hlookup!$C$2:$X$6,4,0) -> 5436.33 | D3: =HLOOKUP(Table1[[#This Row],[Names ]],Hlookup!$C$2:$X$6,2,0) -> 124300
A4: David Rasmussen | B4: =HLOOKUP(A4,Hlookup!$C$2:$X$6,5,0) -> 1610.8324 | C4: =HLOOKUP(Table1[[#This Row],[Names ]],Hlookup!$C$2:$X$6,4,0) -> 8054.1621 | D4: =HLOOKUP(Table1[[#This Row],[Names ]],Hlookup!$C$2:$X$6,2,0) -> 121714.56
A5: Kylee Townsend | B5: =HLOOKUP(A5,Hlookup!$C$2:$X$6,5,0) -> 538.19667 | C5: =HLOOKUP(Table1[[#This Row],[Names ]],Hlookup!$C$2:$X$6,4,0) -> 2690.9833 | D5: =HLOOKUP(Table1[[#This Row],[Names ]],Hlookup!$C$2:$X$6,2,0) -> 98325.89
A6: Nyla Novak | B6: =HLOOKUP(A6,Hlookup!$C$2:$X$6,5,0) -> 1413.0109 | C6: =HLOOKUP(Table1[[#This Row],[Names ]],Hlookup!$C$2:$X$6,4,0) -> 7065.0545 | D6: =HLOOKUP(Table1[[#This Row],[Names ]],Hlookup!$C$2:$X$6,2,0) -> 152143.2
A10: XLOOKUP
A11: Names | B11: Commission | C11: Sales
A12: kennedi Singh | B12: =_xlfn.XLOOKUP(A12,Xlookup!$E$2:$E$23,Xlookup!$D$2:$D$23,"Not Available") -> 1087.266 | C12: =_xlfn.XLOOKUP(A12,Xlookup!$E$2:$E$23,Xlookup!$C$2:$C$23) -> 5436.33
A13: David Rasmussen | B13: =_xlfn.XLOOKUP(A13,Xlookup!$E$2:$E$23,Xlookup!$D$2:$D$23,"Not Available") -> 1610.8324 | C13: =_xlfn.XLOOKUP(A13,Xlookup!$E$2:$E$23,Xlookup!$C$2:$C$23) -> 8054.1621
A14: Kylee Townsend | B14: =_xlfn.XLOOKUP(A14,Xlookup!$E$2:$E$23,Xlookup!$D$2:$D$23,"Not Available") -> 538.19667 | C14: =_xlfn.XLOOKUP(A14,Xlookup!$E$2:$E$23,Xlookup!$C$2:$C$23) -> 2690.9833
A15: Nyla Novak | B15: =_xlfn.XLOOKUP(A15,Xlookup!$E$2:$E$23,Xlookup!$D$2:$D$23,"Not Available") -> 1413.0109 | C15: =_xlfn.XLOOKUP(A15,Xlookup!$E$2:$E$23,Xlookup!$C$2:$C$23) -> 7065.0545
A16: Darshan | B16: =_xlfn.XLOOKUP(A16,Xlookup!$E$2:$E$23,Xlookup!$D$2:$D$23,"Not Available") -> Not Available | C16: =_xlfn.XLOOKUP(B16,Xlookup!$E$2:$E$23,Xlookup!$D$2:$D$23,"Not Available") -> Not Available

Sheet Xlookup
A1: ID Number | B1: Date | C1: Sale Amount | D1: Commission | E1: Salesperson | G1: Vlookup
A2: 124300 | B2: 44754 | C2: 5436.33 | D2: 1087.266 | E2: Kennedi Singh | G2: Salesperson | H2: Commission
A3: =A2*1.2 -> 149160 | B3: 44751 | C3: 6197.4162 | D3: 1239.4832 | E3: Harley Fritz | G3: Harley Fritz | H3: =_xlfn.XLOOKUP(G3,E2:E23,D2:D23,"NOT") -> 1239.4832
A4: =A3*1.02 -> 152143.2 | B4: 44753 | C4: 7065.0545 | D4: 1413.0109 | E4: Nyla Novak
A5: =A4*0.8 -> 121714.56 | B5: 44748 | C5: 8054.1621 | D5: 1610.8324 | E5: David Rasmussen | G5: Xlookup | H5: Commission
A6: =A5*0.9 -> 109543.1 | B6: 44752 | C6: 9181.7448 | D6: 1836.349 | E6: Ivan Hines | G6: Salesperson
A7: =A6*1.1 -> 120497.41 | B7: 44755 | C7: 10467.189 | D7: 2093.4378 | E7: Jonah Higgins | G7: Bill Smith
A8: =A7*1.02 -> 122907.36 | B8: 44757 | C8: 2446.3485 | D8: 489.2697 | E8: Jordan Boone
A9: =A8*0.8 -> 98325.89 | B9: 44754 | C9: 2690.9833 | D9: 538.19667 | E9: Kylee Townsend | G9: Nyla Novak | H9: =MATCH(G9,E1:E23) -> 23 | I9: index position
A10: =A9*0.9 -> 88493.301 | B10: 44756 | C10: 2960.0817 | D10: 592.01634 | E10: Nora Rollins
A11: =A10*1.1 -> 97342.631 | B11: 44751 | C11: 3256.0899 | D11: 651.21797 | E11: Steven Michael
A12: =A11*1.02 -> 99289.484 | B12: 44755 | C12: 3581.6988 | D12: 716.33977 | E12: Lucia Mckay
A13: =A12*0.8 -> 79431.587 | B13: 44758 | C13: 3939.8687 | D13: 787.97374 | E13: Josue Roach
A14: =A13*0.9 -> 71488.428 | B14: 44760 | C14: 4333.8556 | D14: 866.77112 | E14: Franklin Wright
A15: =A14*1.1 -> 78637.271 | B15: 44757 | C15: 4767.2412 | D15: 953.44823 | E15: Alia Thornton
A16: =A15*1.02 -> 80210.017 | B16: 44759 | C16: 5243.9653 | D16: 1048.7931 | E16: Denzel Flores
A17: =A16*0.8 -> 64168.013 | B17: 44754 | C17: 5768.3618 | D17: 1153.6724 | E17: Bruno Cordova
A18: =A17*0.9 -> 57751.212 | B18: 44758 | C18: 5191.5256 | D18: 1038.3051 | E18: Jaylynn Knapp
A19: =A18*1.1 -> 63526.333 | B19: 44761 | C19: 6748.9833 | D19: 1349.7967 | E19: Bruce Rich
A20: =A19*1.02 -> 64796.86 | B20: 44763 | C20: 8773.6783 | D20: 1754.7357 | E20: Arturo Moore
A21: =A20*0.8 -> 51837.488 | B21: 44760 | C21: 11405.782 | D21: 2281.1564 | E21: Bryce Carpenter
A22: =A21*0.9 -> 46653.739 | B22: 44762 | C22: 6650 | D22: 1330 | E22: Jaidyn Andersen
A23: =A22*1.1 -> 51319.113 | B23: 44757 | C23: 7341 | D23: 1468.2 | E23: Bill Smith

Sheet Xlookup 2
B2: ID Number | C2: Date | D2: Sale Amount | E2: Commission | F2: Salesperson | H2: Vlookup
B3: 124300 | C3: 44754 | D3: 5436.33 | E3: =D3*0.2 -> 1087.266 | F3: Kennedi Singh | H3: Salesperson | I3: Commission
B4: =B3*1.2 -> 149160 | C4: 44751 | D4: 6197.4162 | E4: =D4*0.2 -> 1239.4832 | F4: Harley Fritz | H4: Harley Fritz
B5: =B4*1.02 -> 152143.2 | C5: 44753 | D5: 7065.0545 | E5: =D5*0.2 -> 1413.0109 | F5: Nyla Novak
B6: =B5*0.8 -> 121714.56 | C6: 44748 | D6: 8054.1621 | E6: =D6*0.2 -> 1610.8324 | F6: David Rasmussen | H6: Xlookup
B7: =B6*0.9 -> 109543.1 | C7: 44752 | D7: 9181.7448 | E7: =D7*0.2 -> 1836.349 | F7: Ivan Hines | H7: Salesperson | I7: Commission
B8: =B7*1.1 -> 120497.41 | C8: 44755 | D8: 10467.189 | E8: =D8*0.2 -> 2093.4378 | F8: Jonah Higgins | H8: Noila | I8: =_xlfn.XLOOKUP(H8,F2:F24,E2:E24,"Not Found") -> Not Found
B9: =B8*1.02 -> 122907.36 | C9: 44757 | D9: 2446.3485 | E9: =D9*0.2 -> 489.2697 | F9: Jordan Boone | K9: "when the value is not present"
B10: =B9*0.8 -> 98325.89 | C10: 44754 | D10: 2690.9833 | E10: =D10*0.2 -> 538.19667 | F10: Kylee Townsend
B11: =B10*0.9 -> 88493.301 | C11: 44756 | D11: 2960.0817 | E11: =D11*0.2 -> 592.01634 | F11: Nora Rollins
B12: =B11*1.1 -> 97342.631 | C12: 44751 | D12: 3256.0899 | E12: =D12*0.2 -> 651.21797 | F12: Steven Michael
B13: =B12*1.02 -> 99289.484 | C13: 44755 | D13: 3581.6988 | E13: =D13*0.2 -> 716.33977 | F13: Lucia Mckay
B14: =B13*0.8 -> 79431.587 | C14: 44758 | D14: 3939.8687 | E14: =D14*0.2 -> 787.97374 | F14: Josue Roach
B15: =B14*0.9 -> 71488.428 | C15: 44760 | D15: 4333.8556 | E15: =D15*0.2 -> 866.77112 | F15: Franklin Wright
B16: =B15*1.1 -> 78637.271 | C16: 44757 | D16: 4767.2412 | E16: =D16*0.2 -> 953.44823 | F16: Alia Thornton
B17: =B16*1.02 -> 80210.017 | C17: 44759 | D17: 5243.9653 | E17: =D17*0.2 -> 1048.7931 | F17: Denzel Flores
B18: =B17*0.8 -> 64168.013 | C18: 44754 | D18: 5768.3618 | E18: =D18*0.2 -> 1153.6724 | F18: Bruno Cordova
B19: =B18*0.9 -> 57751.212 | C19: 44758 | D19: 5191.5256 | E19: =D19*0.2 -> 1038.3051 | F19: Jaylynn Knapp
B20: =B19*1.1 -> 63526.333 | C20: 44761 | D20: 6748.9833 | E20: =D20*0.2 -> 1349.7967 | F20: Bruce Rich
B21: =B20*1.02 -> 64796.86 | C21: 44763 | D21: 8773.6783 | E21: =D21*0.2 -> 1754.7357 | F21: Arturo Moore
B22: =B21*0.8 -> 51837.488 | C22: 44760 | D22: 11405.782 | E22: =D22*0.2 -> 2281.1564 | F22: Bryce Carpenter
B23: =B22*0.9 -> 46653.739 | C23: 44762 | D23: 6650 | E23: =D23*0.2 -> 1330 | F23: Jaidyn Andersen
B24: =B23*1.1 -> 51319.113 | C24: 44757 | D24: 7341 | E24: =D24*0.2 -> 1468.2 | F24: Bill Smith

Sheet Xlookup 3
A1: Salesperson | B1: ID Number | C1: Date | D1: Sale Amount | E1: Commission | G1: Salesperson | H1: Sale Amount | I1: Commission
A2: Kennedi Singh | B2: 124300 | C2: 44754 | D2: 5436.33 | E2: =D2*0.2 -> 1087.266 | G2: Jordan Boone | H2: {=_xlfn.XLOOKUP(G2,A1:A23,D1:E23)} -> 2446.3485 | I2: 489.2697
A3: Harley Fritz | B3: =B2*1.2 -> 149160 | C3: 44751 | D3: 6197.4162 | E3: =D3*0.2 -> 1239.4832
A4: Nyla Novak | B4: =B3*1.02 -> 152143.2 | C4: 44753 | D4: 7065.0545 | E4: =D4*0.2 -> 1413.0109
A5: David Rasmussen | B5: =B4*0.8 -> 121714.56 | C5: 44748 | D5: 8054.1621 | E5: =D5*0.2 -> 1610.8324
A6: Ivan Hines | B6: =B5*0.9 -> 109543.1 | C6: 44752 | D6: 9181.7448 | E6: =D6*0.2 -> 1836.349
A7: Jonah Higgins | B7: =B6*1.1 -> 120497.41 | C7: 44755 | D7: 10467.189 | E7: =D7*0.2 -> 2093.4378
A8: Jordan Boone | B8: =B7*1.02 -> 122907.36 | C8: 44757 | D8: 2446.3485 | E8: =D8*0.2 -> 489.2697
A9: Kylee Townsend | B9: =B8*0.8 -> 98325.89 | C9: 44754 | D9: 2690.9833 | E9: =D9*0.2 -> 538.19667
A10: Nora Rollins | B10: =B9*0.9 -> 88493.301 | C10: 44756 | D10: 2960.0817 | E10: =D10*0.2 -> 592.01634
A11: Steven Michael | B11: =B10*1.1 -> 97342.631 | C11: 44751 | D11: 3256.0899 | E11: =D11*0.2 -> 651.21797
A12: Lucia Mckay | B12: =B11*1.02 -> 99289.484 | C12: 44755 | D12: 3581.6988 | E12: =D12*0.2 -> 716.33977
A13: Josue Roach | B13: =B12*0.8 -> 79431.587 | C13: 44758 | D13: 3939.8687 | E13: =D13*0.2 -> 787.97374
A14: Franklin Wright | B14: =B13*0.9 -> 71488.428 | C14: 44760 | D14: 4333.8556 | E14: =D14*0.2 -> 866.77112
A15: Alia Thornton | B15: =B14*1.1 -> 78637.271 | C15: 44757 | D15: 4767.2412 | E15: =D15*0.2 -> 953.44823
A16: Denzel Flores | B16: =B15*1.02 -> 80210.017 | C16: 44759 | D16: 5243.9653 | E16: =D16*0.2 -> 1048.7931
A17: Bruno Cordova | B17: =B16*0.8 -> 64168.013 | C17: 44754 | D17: 5768.3618 | E17: =D17*0.2 -> 1153.6724
A18: Jaylynn Knapp | B18: =B17*0.9 -> 57751.212 | C18: 44758 | D18: 5191.5256 | E18: =D18*0.2 -> 1038.3051
A19: Bruce Rich | B19: =B18*1.1 -> 63526.333 | C19: 44761 | D19: 6748.9833 | E19: =D19*0.2 -> 1349.7967
A20: Arturo Moore | B20: =B19*1.02 -> 64796.86 | C20: 44763 | D20: 8773.6783 | E20: =D20*0.2 -> 1754.7357
A21: Bryce Carpenter | B21: =B20*0.8 -> 51837.488 | C21: 44760 | D21: 11405.782 | E21: =D21*0.2 -> 2281.1564
A22: Jaidyn Andersen | B22: =B21*0.9 -> 46653.739 | C22: 44762 | D22: 6650 | E22: =D22*0.2 -> 1330
A23: Bill Smith | B23: =B22*1.1 -> 51319.113 | C23: 44757 | D23: 7341 | E23: =D23*0.2 -> 1468.2

Sheet Xlookup 4
A1: Company | B1: ID Number | C1: Date | D1: Sale Amount | E1: Commission
A2: Coca-Cola Inc. | B2: 124300 | C2: 44754 | D2: 5436.33 | E2: =D2*0.2 -> 1087.266
A3: Nike Inc. | B3: =B2*1.2 -> 149160 | C3: 44751 | D3: 6197.4162 | E3: =D3*0.2 -> 1239.4832 | J3: When you dont know the fullname but you know the initial or some part of the word so we use
A4: Amazon UK | B4: =B3*1.02 -> 152143.2 | C4: 44753 | D4: 7065.0545 | E4: =D4*0.2 -> 1413.0109 | J4: the cell referece or the particular data and then use &"*",lookup refrence
A5: Apple EMEA | B5: =B4*0.8 -> 121714.56 | C5: 44748 | D5: 8054.1621 | E5: =D5*0.2 -> 1610.8324
A6: XYZ Limited | B6: =B5*0.9 -> 109543.1 | C6: 44752 | D6: 9181.7448 | E6: =D6*0.2 -> 1836.349 | G6: Practice
A7: Pepsi Co | B7: =B6*1.1 -> 120497.41 | C7: 44755 | D7: 10467.189 | E7: =D7*0.2 -> 2093.4378 | G7: Name | H7: Sale Amount
A8: Adobe Inc | B8: =B7*1.02 -> 122907.36 | C8: 44757 | D8: 2446.3485 | E8: =D8*0.2 -> 489.2697 | G8: Nike | H8: =_xlfn.XLOOKUP(G8&"*",A1:A13,D1:D13,,2) -> 6197.4162
A9: Zara Fashion | B9: =B8*0.8 -> 98325.89 | C9: 44754 | D9: 2690.9833 | E9: =D9*0.2 -> 538.19667 | G9: Co | H9: =_xlfn.XLOOKUP(G9&"*",A1:A13,D1:D13,,2,-1) -> 5436.33 | I9: //-1 to check in reverse
A10: H&M International | B10: =B9*0.9 -> 88493.301 | C10: 44756 | D10: 2960.0817 | E10: =D10*0.2 -> 592.01634 | G10: Adidas | H10: =_xlfn.XLOOKUP(G10&"*",A2:A13,D2:D13,,2) -> 3581.6988
A11: Ralph Lauren Int. | B11: =B10*1.1 -> 97342.631 | C11: 44751 | D11: 3256.0899 | E11: =D11*0.2 -> 651.21797 | G11: Fashion | H11: =_xlfn.XLOOKUP("*"&G11,A2:A13,D2:D13,,2) -> 2690.9833
A12: Adidas Co. | B12: =B11*1.02 -> 99289.484 | C12: 44755 | D12: 3581.6988 | E12: =D12*0.2 -> 716.33977 | G12: Limited | H12: =_xlfn.XLOOKUP("*"&G12,A2:A13,D2:D13,,2) -> 9181.7448
A13: P&G Global | B13: =B12*0.8 -> 79431.587 | C13: 44758 | D13: 3939.8687 | E13: =D13*0.2 -> 787.97374 | G13: Lauren | H13: =_xlfn.XLOOKUP("*"&G13&"*",A2:A13,D2:D13,,2) -> 3256.0899
G14: Inc. | H14: =_xlfn.XLOOKUP("*"&G14,A2:A13,D2:D13,,2,-1) -> 6197.4162 | I14: // normally we get coce but if want to check in reverse we use -1
H15: =_xlfn.XLOOKUP("*"&G9,A2:A13,D2:D13,,2,) -> 10467.189

Sheet Xlookup 5
B2: Commissions by Salesperson | H2: Salesperson | I2: Year | J2: Commission
B3: Figures in USD | C3: 2019 | D3: 2020 | E3: =D3+1 -> 2021 | F3: =E3+1 -> 2022 | H3: Harley Fritz | I3: 2020
B4: Kennedi Singh | C4: 1087.266 | D4: 1250.3559 | E4: 1187.8381 | F4: 1413.5273
B5: Harley Fritz | C5: 1239.4832 | D5: 1425.4057 | E5: 1354.1354 | F5: 1611.4212
B6: Nyla Novak | C6: 1413.0109 | D6: 1624.9625 | E6: 1543.7144 | F6: 1837.0201
B7: David Rasmussen | C7: 1610.8324 | D7: 1852.4573 | E7: 1759.8344 | F7: 2094.203
B8: Ivan Hines | C8: 1836.349 | D8: 2111.8013 | E8: 2006.2112 | F8: 2387.3914
B9: Jonah Higgins | C9: 2093.4378 | D9: 2407.4535 | E9: 2287.0808 | F9: 2721.6262
B10: Jordan Boone | C10: 489.2697 | D10: 562.66016 | E10: 534.52715 | F10: 636.08731
B11: Kylee Townsend | C11: 538.19667 | D11: 618.92617 | E11: 587.97986 | F11: 699.69604
B12: Nora Rollins | C12: 592.01634 | D12: 680.81879 | E12: 646.77785 | F12: 769.66564
B13: Steven Michael | C13: 651.21797 | D13: 748.90067 | E13: 711.45563 | F13: 846.6322
B14: Lucia Mckay | C14: 716.33977 | D14: 823.79073 | E14: 782.6012 | F14: 931.29542
B15: Josue Roach | C15: 787.97374 | D15: 906.16981 | E15: 860.86132 | F15: 1024.425
... B25: Bill Smith | C25: 1468.2 | D25: 1688.43 | E25: 1604.0085 | F25: 1908.7701

Sheet SumFilter
B2: Commissions by Salesperson | H2: Xlookup
B3: Figures in USD | C3: 2019 | D3: 2020 | E3: =D3+1 -> 2021 | F3: =E3+1 -> 2022 | H3: Salesperson | I3: Year | J3: Commission
B4: Harley Fritz | C4: 1087.266 | D4: 1250.3559 | E4: 1187.8381 | F4: 1413.5273 | H4: Harley Fritz | I4: 2019
B5: Harley Fritz | C5: 1239.4832 | D5: 1425.4057 | E5: 1354.1354 | F5: 1611.4212
B6: Harley Fritz | C6: 1413.0109 | D6: 1624.9625 | E6: 1543.7144 | F6: 1837.0201 | H6: Sum & Filter
B7: Harley Fritz | C7: 1610.8324 | D7: 1852.4573 | E7: 1759.8344 | F7: 2094.203 | H7: Salesperson | I7: Year | J7: Commission
B8: Nyla Novak | C8: 1836.349 | D8: 2111.8013 | E8: 2006.2112 | F8: 2387.3914 | H8: Harley Fritz | I8: 2019
B9: Jonah Higgins | C9: 2093.4378 | D9: 2407.4535 | E9: 2287.0808 | F9: 2721.6262
B10: Jonah Higgins | C10: 489.2697 | D10: 562.66016 | E10: 534.52715 | F10: 636.08731
B11: Jonah Higgins | C11: 538.19667 | D11: 618.92617 | E11: 587.97986 | F11: 699.69604
B12: Nora Rollins | C12: 592.01634 | D12: 680.81879 | E12: 646.77785 | F12: 769.66564
B13: Steven Michael | C13: 651.21797 | D13: 748.90067 | E13: 711.45563 | F13: 846.6322
B14: Steven Michael | C14: 716.33977 | D14: 823.79073 | E14: 782.6012 | F14: 931.29542
B15: Steven Michael | C15: 787.97374 | D15: 906.16981 | E15: 860.86132 | F15: 1024.425
B16: Steven Michael | C16: 866.77112 | D16: 996.78679 | E16: 946.94745 | F16: 1126.8675
B17: Steven Michael | C17: 953.44823 | D17: 1096.4655 | E17: 1041.6422 | F17: 1239.5542
B18: Steven Michael | C18: 1048.7931 | D18: 1206.112 | E18: 1145.8064 | F18: 1363.5096
B19: Bruno Cordova | C19: 1153.6724 | D19: 1326.7232 | E19: 1260.3871 | F19: 1499.8606
B20: Bruno Cordova | C20: 1038.3051 | D20: 1194.0509 | E20: 1134.3483 | F20: 1349.8745
... B25: Bruno Cordova | C25: 1468.2 | D25: 1688.43 | E25: 1604.0085 | F25: 1908.7701
