Workbook

Sheet Sheet1
A1: ProductID | B1: Vegetables | C1: CostPrice | D1: SellingPrice | E1: Profit
A2: V01 | B2: Tomato | C2: 10 | D2: 30 | E2: =D2-C2 -> 20
A3: V02 | B3: Potato | C3: 9 | D3: 25 | E3: =D3-C3 -> 16
A4: V03 | B4: Onion | C4: 15 | D4: 30 | E4: =D4-C4 -> 15
A5: V04 | B5: Carrot | C5: 25 | D5: 40 | E5: =D5-C5 -> 15
A6: V05 | B6: Capsicum | C6: 40 | D6: 70 | E6: =D6-C6 -> 30
A7: V06 | B7: Radish | C7: 14 | D7: 32 | E7: =D7-C7 -> 18
A8: V07 | B8: Brinjal | C8: 46 | D8: 68 | E8: =D8-C8 -> 22
A9: V08 | B9: Spinach | C9: 28 | D9: 38 | E9: =D9-C9 -> 10
A10: V09 | B10: Pumpkin | C10: 12 | D10: 34 | E10: =D10-C10 -> 22
A11: V10 | B11: Beetroot | C11: 34 | D11: 45 | E11: =D11-C11 -> 11

Sheet Sheet2
A1: Vegetables | B1: SellingPrice | C1: Profit | D1: CostPrice
A2: Pumpkin | B2: =VLOOKUP(A2,Sheet1!$B$1:$E$11,3,0) -> 34 | C2: =VLOOKUP(A2,Sheet1!$B$1:$E$11,4,FALSE) -> 22 | D2: =VLOOKUP(A2,Sheet1!$B$1:$E$11,2,0) -> 12
A3: Beetroot | B3: =VLOOKUP(A3,Sheet1!$B$1:$E$11,3,0) -> 45 | C3: =VLOOKUP(A3,Sheet1!$B$1:$E$11,4,FALSE) -> 11 | D3: =VLOOKUP(A3,Sheet1!$B$1:$E$11,2,0) -> 34
A4: Tomato | B4: =VLOOKUP(A4,Sheet1!$B$1:$E$11,3,0) -> 30 | C4: =VLOOKUP(A4,Sheet1!$B$1:$E$11,4,FALSE) -> 20 | D4: =VLOOKUP(A4,Sheet1!$B$1:$E$11,2,0) -> 10
A5: Potato | B5: =VLOOKUP(A5,Sheet1!$B$1:$E$11,3,0) -> 25 | C5: =VLOOKUP(A5,Sheet1!$B$1:$E$11,4,FALSE) -> 16 | D5: =VLOOKUP(A5,Sheet1!$B$1:$E$11,2,0) -> 9
A6: Radish | B6: =VLOOKUP(A6,Sheet1!$B$1:$E$11,3,0) -> 32 | C6: =VLOOKUP(A6,Sheet1!$B$1:$E$11,4,FALSE) -> 18 | D6: =VLOOKUP(A6,Sheet1!$B$1:$E$11,2,0) -> 14
A7: Brinjal | B7: =VLOOKUP(A7,Sheet1!$B$1:$E$11,3,0) -> 68 | C7: =VLOOKUP(A7,Sheet1!$B$1:$E$11,4,FALSE) -> 22 | D7: =VLOOKUP(A7,Sheet1!$B$1:$E$11,2,0) -> 46
